census,run,crate,tested,caught,missed,timeout,unviable
2026-08-03,baseline,abi,29,27,1,0,1
2026-08-03,baseline,address_space_identifier,25,21,2,0,2
2026-08-03,baseline,bitmap_font,13,11,0,0,2
2026-08-03,baseline,block_roster,58,53,1,0,4
2026-08-03,baseline,byte_sink_protocol,47,43,2,0,2
2026-08-03,baseline,c_seam,25,21,1,0,3
2026-08-03,baseline,calendar,395,369,7,3,16
2026-08-03,baseline,capability,54,37,1,0,16
2026-08-03,baseline,clock_protocol,66,54,2,7,3
2026-08-03,baseline,compositor,233,209,14,0,10
2026-08-03,baseline,coremark,109,106,2,1,0
2026-08-03,baseline,cred,147,127,3,1,16
2026-08-03,baseline,credential_protocol,87,72,2,0,13
2026-08-03,baseline,device_tree_blob,325,294,1,20,10
2026-08-03,baseline,dma_validator,85,79,0,0,6
2026-08-03,baseline,elf,102,98,0,0,4
2026-08-03,baseline,entropy_protocol,23,21,2,0,0
2026-08-03,baseline,filesystem_protocol,566,489,37,9,31
2026-08-03,baseline,generational_table,44,26,5,0,13
2026-08-03,baseline,glob,135,110,14,6,5
2026-08-03,baseline,globally_unique_identifier_partition_table,465,423,5,1,36
2026-08-03,baseline,grant_plan,489,367,26,20,76
2026-08-03,baseline,graphics_protocol,132,120,6,0,6
2026-08-03,baseline,inter_process_communication,33,24,5,0,4
2026-08-03,baseline,intrusive_fifo,11,4,3,0,4
2026-08-03,baseline,line_editor,237,183,46,2,6
2026-08-03,baseline,machine_discovery,212,147,22,3,40
2026-08-03,baseline,measured_boot,137,118,9,4,6
2026-08-03,baseline,memory_regions,12,11,0,0,1
2026-08-03,baseline,network_time_protocol,186,156,16,0,14
2026-08-03,baseline,nifefs,115,107,0,0,8
2026-08-03,baseline,page_frames,109,93,3,1,12
2026-08-03,baseline,paging,312,256,39,0,17
2026-08-03,baseline,pci,122,88,27,4,3
2026-08-03,baseline,socket_protocol,17,15,2,0,0
2026-08-03,baseline,swish,58,44,3,9,2
2026-08-03,baseline,user_mode_heap,35,20,3,5,7
2026-08-03,baseline,video_terminal,301,211,79,0,11
2026-09-14,34833498873,abi,30,28,1,0,1
2026-09-14,34833498873,asid,25,21,2,0,2
2026-09-14,34833498873,bitmap_font,14,12,0,0,2
2026-09-14,34833498873,block_roster,58,53,1,0,4
2026-09-14,34833498873,board_console,249,182,43,6,18
2026-09-14,34833498873,byte_sink_proto,47,43,2,0,2
2026-09-14,34833498873,c_seam,25,21,1,0,3
2026-09-14,34833498873,calendar,395,371,5,3,16
2026-09-14,34833498873,capability,84,60,8,0,16
2026-09-14,34833498873,clock_proto,72,54,6,7,5
2026-09-14,34833498873,component_plan,126,70,11,7,38
2026-09-14,34833498873,compositor,233,208,15,0,10
2026-09-14,34833498873,coremark,109,106,2,1,0
2026-09-14,34833498873,cpu_set,20,19,0,0,1
2026-09-14,34833498873,credential_proto,87,71,2,0,14
2026-09-14,34833498873,credentialer,148,129,2,1,16
2026-09-14,34833498873,dma_validator,85,79,0,0,6
2026-09-14,34833498873,documentation,1056,917,47,51,41
2026-09-14,34833498873,dtb,430,368,14,29,19
2026-09-14,34833498873,elf,125,98,6,0,21
2026-09-14,34833498873,entropy_proto,30,27,3,0,0
2026-09-14,34833498873,environment_proto,53,46,0,0,7
2026-09-14,34833498873,filesystem_proto,645,529,59,10,47
2026-09-14,34833498873,generational_table,61,38,5,0,18
2026-09-14,34833498873,glob,135,123,0,7,5
2026-09-14,34833498873,gpt,474,430,6,1,37
2026-09-14,34833498873,grant_plan,709,560,6,28,115
2026-09-14,34833498873,graphics_proto,132,124,6,0,2
2026-09-14,34833498873,intrusive_fifo,11,7,0,0,4
2026-09-14,34833498873,ipc,33,28,1,0,4
2026-09-14,34833498873,jh7110_clock_and_reset,68,53,12,0,3
2026-09-14,34833498873,jh7110_entropy,85,59,19,4,3
2026-09-14,34833498873,job_mix,27,21,6,0,0
2026-09-14,34833498873,line_editor,271,254,4,7,6
2026-09-14,34833498873,loaded_image_check,12,10,2,0,0
2026-09-14,34833498873,login_proto,8,8,0,0,0
2026-09-14,34833498873,machine_discovery,686,533,73,9,71
2026-09-14,34833498873,mdns_config,24,20,2,0,2
2026-09-14,34833498873,mdns_proto,381,279,82,1,19
2026-09-14,34833498873,measured_boot,151,133,5,4,9
2026-09-14,34833498873,memory_corruption_canary_gate,20,8,6,4,2
2026-09-14,34833498873,memory_regions,74,64,8,0,2
2026-09-14,34833498873,nifefs,115,107,0,0,8
2026-09-14,34833498873,ntp_proto,186,164,8,0,14
2026-09-14,34833498873,nvme,145,116,22,0,7
2026-09-14,34833498873,page_frames,117,101,3,1,12
2026-09-14,34833498873,paging,426,363,44,0,19
2026-09-14,34833498873,pci,187,161,17,5,4
2026-09-14,34833498873,pgrep,65,55,6,0,4
2026-09-14,34833498873,pmap,54,44,5,2,3
2026-09-14,34833498873,ps,50,40,6,1,3
2026-09-14,34833498873,schedule_store,42,29,8,0,5
2026-09-14,34833498873,screen_console,55,48,7,0,0
2026-09-14,34833498873,soak_page,22,15,7,0,0
2026-09-14,34833498873,socket_proto,63,60,3,0,0
2026-09-14,34833498873,swish,200,159,20,9,12
2026-09-14,34833498873,thread_wake_handshake,22,14,3,0,5
2026-09-14,34833498873,timebase_proto,21,14,0,0,7
2026-09-14,34833498873,timetable,194,134,48,0,12
2026-09-14,34833498873,uefi_loader,35,34,0,0,1
2026-09-14,34833498873,uptime,53,47,1,0,5
2026-09-14,34833498873,user_mode_heap,35,23,0,5,7
2026-09-14,34833498873,video_terminal,392,298,79,0,15
2026-09-14,34833498873,work_steal_slot,25,13,11,0,1
2026-09-16,35163453633,abi,30,28,1,0,1
2026-09-16,35163453633,asid,25,21,2,0,2
2026-09-16,35163453633,bitmap_font,14,12,0,0,2
2026-09-16,35163453633,block_roster,58,53,1,0,4
2026-09-16,35163453633,board_console,259,189,43,6,21
2026-09-16,35163453633,byte_sink_protocol,47,43,2,0,2
2026-09-16,35163453633,c_seam,25,21,1,0,3
2026-09-16,35163453633,calendar,395,371,5,3,16
2026-09-16,35163453633,capability,84,60,8,0,16
2026-09-16,35163453633,clock_protocol,72,54,6,7,5
2026-09-16,35163453633,component_plan,126,70,11,7,38
2026-09-16,35163453633,compositor,233,208,15,0,10
2026-09-16,35163453633,coremark,109,106,2,1,0
2026-09-16,35163453633,counter_frequency_protocol,21,14,0,0,7
2026-09-16,35163453633,cpu_set,20,19,0,0,1
2026-09-16,35163453633,credential_protocol,96,74,2,0,20
2026-09-16,35163453633,credentialer,148,129,2,1,16
2026-09-16,35163453633,dma_validator,85,79,0,0,6
2026-09-16,35163453633,documentation,1056,917,47,51,41
2026-09-16,35163453633,dtb,430,368,14,29,19
2026-09-16,35163453633,elf,125,98,6,0,21
2026-09-16,35163453633,entropy_protocol,30,27,3,0,0
2026-09-16,35163453633,environment_protocol,53,46,0,0,7
2026-09-16,35163453633,filesystem_protocol,645,529,59,10,47
2026-09-16,35163453633,generational_table,61,38,5,0,18
2026-09-16,35163453633,glob,135,123,0,7,5
2026-09-16,35163453633,gpt,474,430,6,1,37
2026-09-16,35163453633,grant_plan,709,560,6,28,115
2026-09-16,35163453633,graphics_protocol,132,124,6,0,2
2026-09-16,35163453633,intrusive_fifo,11,7,0,0,4
2026-09-16,35163453633,ipc,33,28,1,0,4
2026-09-16,35163453633,jh7110_clock_and_reset,68,53,12,0,3
2026-09-16,35163453633,jh7110_entropy,85,59,19,4,3
2026-09-16,35163453633,job_mix,27,21,6,0,0
2026-09-16,35163453633,line_editor,271,254,4,7,6
2026-09-16,35163453633,loaded_image_check,12,10,2,0,0
2026-09-16,35163453633,login_protocol,8,8,0,0,0
2026-09-16,35163453633,machine_discovery,686,533,73,9,71
2026-09-16,35163453633,measured_boot,151,133,5,4,9
2026-09-16,35163453633,memory_corruption_canary_gate,20,8,6,4,2
2026-09-16,35163453633,memory_regions,74,64,8,0,2
2026-09-16,35163453633,network_time_protocol,186,164,8,0,14
2026-09-16,35163453633,nifefs,115,107,0,0,8
2026-09-16,35163453633,nvme,145,116,22,0,7
2026-09-16,35163453633,page_frames,117,101,3,1,12
2026-09-16,35163453633,paging,426,363,44,0,19
2026-09-16,35163453633,pci,187,161,17,5,4
2026-09-16,35163453633,pgrep,65,55,6,0,4
2026-09-16,35163453633,pmap,54,44,5,2,3
2026-09-16,35163453633,ps,50,40,6,1,3
2026-09-16,35163453633,schedule_store,42,29,8,0,5
2026-09-16,35163453633,screen_console,55,48,7,0,0
2026-09-16,35163453633,soak_page,22,15,7,0,0
2026-09-16,35163453633,socket_protocol,63,60,3,0,0
2026-09-16,35163453633,swish,200,159,20,9,12
2026-09-16,35163453633,thread_wake_handshake,22,14,3,0,5
2026-09-16,35163453633,timetable,194,134,48,0,12
2026-09-16,35163453633,uefi_loader,35,34,0,0,1
2026-09-16,35163453633,uptime,53,47,1,0,5
2026-09-16,35163453633,user_mode_heap,35,23,0,5,7
2026-09-16,35163453633,video_terminal,392,298,79,0,15
2026-09-16,35163453633,work_steal_slot,25,13,11,0,1
2026-09-19,35421192143,abi,30,28,1,0,1
2026-09-19,35421192143,address_space_identifier,25,21,2,0,2
2026-09-19,35421192143,bitmap_font,14,12,0,0,2
2026-09-19,35421192143,block_roster,58,53,1,0,4
2026-09-19,35421192143,board_console,259,189,43,6,21
2026-09-19,35421192143,byte_sink_protocol,47,43,2,0,2
2026-09-19,35421192143,c_seam,25,21,1,0,3
2026-09-19,35421192143,calendar,395,371,5,3,16
2026-09-19,35421192143,capability,84,65,3,0,16
2026-09-19,35421192143,clock_protocol,69,54,3,7,5
2026-09-19,35421192143,component_plan,126,70,11,7,38
2026-09-19,35421192143,compositor,233,208,15,0,10
2026-09-19,35421192143,coremark,109,106,2,1,0
2026-09-19,35421192143,counter_frequency_protocol,21,14,0,0,7
2026-09-19,35421192143,cpu_set,20,19,0,0,1
2026-09-19,35421192143,credential_protocol,96,74,2,0,20
2026-09-19,35421192143,credentialer,148,129,2,1,16
2026-09-19,35421192143,dma_validator,85,79,0,0,6
2026-09-19,35421192143,documentation,1056,917,47,51,41
2026-09-19,35421192143,dtb,430,381,1,29,19
2026-09-19,35421192143,elf,125,104,0,0,21
2026-09-19,35421192143,entropy_protocol,30,27,3,0,0
2026-09-19,35421192143,environment_protocol,53,46,0,0,7
2026-09-19,35421192143,filesystem_protocol,645,548,40,10,47
2026-09-19,35421192143,generational_table,61,38,5,0,18
2026-09-19,35421192143,glob,135,123,0,7,5
2026-09-19,35421192143,globally_unique_identifier_partition_table,474,430,6,1,37
2026-09-19,35421192143,grant_plan,709,560,6,28,115
2026-09-19,35421192143,graphics_protocol,132,124,6,0,2
2026-09-19,35421192143,intrusive_fifo,11,7,0,0,4
2026-09-19,35421192143,ipc,33,28,1,0,4
2026-09-19,35421192143,jh7110_clock_and_reset,68,53,12,0,3
2026-09-19,35421192143,jh7110_entropy,85,59,19,4,3
2026-09-19,35421192143,job_mix,27,21,6,0,0
2026-09-19,35421192143,line_editor,271,254,4,7,6
2026-09-19,35421192143,loaded_image_check,12,10,2,0,0
2026-09-19,35421192143,login_protocol,8,8,0,0,0
2026-09-19,35421192143,machine_discovery,693,536,77,9,71
2026-09-19,35421192143,measured_boot,151,133,5,4,9
2026-09-19,35421192143,memory_corruption_canary_gate,18,8,4,4,2
2026-09-19,35421192143,memory_regions,72,70,0,0,2
2026-09-19,35421192143,network_time_protocol,186,164,8,0,14
2026-09-19,35421192143,nifefs,115,107,0,0,8
2026-09-19,35421192143,non_volatile_memory_express,173,137,26,0,10
2026-09-19,35421192143,page_frames,117,101,3,1,12
2026-09-19,35421192143,paging,426,363,44,0,19
2026-09-19,35421192143,pci,239,203,19,8,9
2026-09-19,35421192143,pgrep,65,55,6,0,4
2026-09-19,35421192143,pmap,54,44,5,2,3
2026-09-19,35421192143,ps,50,40,6,1,3
2026-09-19,35421192143,schedule_store,42,29,8,0,5
2026-09-19,35421192143,screen_console,55,48,7,0,0
2026-09-19,35421192143,soak_page,22,15,7,0,0
2026-09-19,35421192143,socket_protocol,63,60,3,0,0
2026-09-19,35421192143,swish,200,175,4,9,12
2026-09-19,35421192143,thread_wake_handshake,19,14,0,0,5
2026-09-19,35421192143,timetable,158,146,0,0,12
2026-09-19,35421192143,uefi_loader,35,34,0,0,1
2026-09-19,35421192143,uptime,53,47,1,0,5
2026-09-19,35421192143,user_mode_heap,35,23,0,5,7
2026-09-19,35421192143,video_terminal,392,298,79,0,15
2026-09-19,35421192143,work_steal_slot,14,13,0,0,1
