# The prose ratchet's baseline: milestone 586 (a prose ratchet in lint), for §212 (a prose budget)
# and §213 (writing standards).
# One row per document over at least one limit when it was written. `-` means that measure was
# within its limit, and so may not cross it. A number is a ceiling that may only go DOWN: lower it
# with `python3 helpers/prose_ratchet.py --bank`, which never raises and never adds. A row may be
# removed; a row may not be added and a number may not rise (script/lint compares against the
# merge base). A document that must exceed its row gets a marked exception, not an edit here.
# The one exception is a change of measurement: the `measure:` line below says which one wrote
# these rows, and a change that bumps it re-measures the rows it moved (`--remeasure`), once.
# Limits: words 3000, median sentence 20, longest sentence 40, bold 4 per 1,000 words (held as the
# two counts). Median and bold are not asked of documents under 200 words.
# measure: 2
path	words	median	longest	bold_lead	bold_inline
AGENTS.md	-	-	44	-	-
briefs/README.md	-	-	52	8	5
briefs/gate-a-lane.md	-	-	63	8	5
briefs/gate-in-ci.md	-	-	53	14	11
briefs/main-is-red.md	-	-	42	10	4
briefs/merge-and-cleanup.md	-	-	56	14	8
briefs/rebase-onto-main.md	-	-	50	19	13
briefs/session-start.md	-	-	64	14	4
briefs/survey-the-queue.md	-	-	-	7	2
briefs/triage-a-failing-check.md	-	-	-	6	2
design/backup-server-ladder.md	-	-	45	4	5
design/capsicum-and-the-retrofit-question.md	-	-	55	5	13
design/competitor-question.md	-	21	51	3	0
design/decisions/05-preemptive-threads.md	-	-	-	5	7
design/decisions/09-irq-safe-locking.md	-	-	-	8	7
design/decisions/10-capability-microkernel.md	-	-	-	11	26
design/decisions/100-the-terminal-font.md	-	-	54	32	16
design/decisions/101-notification-objects.md	3468	-	65	24	13
design/decisions/102-frame-names-a-run.md	-	-	-	16	1
design/decisions/103-what-a-frame-names.md	6892	-	58	75	57
design/decisions/104-the-font-and-the-palette.md	-	-	45	10	9
design/decisions/105-thread-spawn-decline-for-now.md	-	-	59	5	2
design/decisions/106-tail-output-narrowing.md	-	23.5	55	9	1
design/decisions/107-missing-docs-workspace-wide.md	-	24.5	68	5	2
design/decisions/108-credential-revocation-kills-durable-session.md	-	26	53	3	0
design/decisions/109-attribution-is-a-channel-property.md	-	-	59	13	3
design/decisions/11-per-cpu-run-queues.md	-	-	66	29	7
design/decisions/110-hard-links-declined.md	-	-	-	5	0
design/decisions/111-inert-config-is-a-validated-page.md	-	26	62	7	0
design/decisions/112-touch-mtime-authority.md	-	22	-	3	2
design/decisions/113-kernel-object-plain-names.md	-	-	63	23	3
design/decisions/114-aspace-enumerate.md	-	22.5	49	2	1
design/decisions/115-no-sysctl.md	-	22	51	4	0
design/decisions/116-state-handoff-declined.md	-	-	58	5	2
design/decisions/117-subtree-name-is-identity.md	-	22	60	6	1
design/decisions/118-ipc-tables-name.md	-	27	62	3	2
design/decisions/119-oom-causes-declined.md	-	20.5	45	3	1
design/decisions/12-call-reply-ipc.md	-	-	-	7	1
design/decisions/120-boot-entropy-stopgap-declined.md	-	21	82	5	0
design/decisions/121-port-io-capability.md	3398	21	67	30	16
design/decisions/122-durable-schedule-store-format.md	-	27	60	15	6
design/decisions/123-boot-time-rederivation-privilege.md	3167	25	72	20	7
design/decisions/124-x86-64-syscall-abi.md	-	21.5	52	6	4
design/decisions/125-durable-schedule-manifest.md	-	31	77	13	0
design/decisions/126-two-directory-cwd.md	-	-	55	7	1
design/decisions/127-x86-64-timer-rdtsc.md	-	-	56	5	0
design/decisions/128-git-clobber-enforcement.md	-	21	60	10	2
design/decisions/129-rename-noreplace-flag.md	-	27	66	6	1
design/decisions/13-frame-revocation.md	-	20.5	-	2	5
design/decisions/130-cmos-rtc-delegation.md	-	27	100	5	5
design/decisions/131-hold-at-rung-two.md	-	23.5	49	4	0
design/decisions/132-overlapping-page-frame-runs.md	-	-	59	24	10
design/decisions/133-idle-core-self-rescue.md	-	-	54	4	4
design/decisions/134-harness-falsification-record.md	3946	-	71	43	30
design/decisions/135-running-gpl-software.md	-	-	47	30	8
design/decisions/136-foreign-implementation-as-oracle.md	-	-	-	14	8
design/decisions/137-trng-health-tests.md	-	-	44	8	1
design/decisions/138-cross-core-handoff-under-load.md	6114	-	50	76	32
design/decisions/139-cycle-counter-authority.md	9483	-	73	76	44
design/decisions/14-project-direction.md	-	-	45	8	9
design/decisions/140-follow-on-disposition-vocabulary.md	-	-	57	10	2
design/decisions/141-application-is-grant.md	-	-	-	19	12
design/decisions/142-spawn-retention.md	5801	-	70	67	27
design/decisions/143-machine-names-in-source.md	-	-	42	13	4
design/decisions/144-fastpath-footprint-ceiling.md	-	-	43	15	17
design/decisions/145-compartmentalization-at-process-cost.md	-	-	41	28	9
design/decisions/146-archive-and-compression-write-or-take.md	-	-	42	27	6
design/decisions/147-a-timer-a-userspace-service-cannot-hold.md	-	-	69	21	9
design/decisions/148-reap-and-thread-identity.md	-	-	-	30	8
design/decisions/149-kernel-served-console-endpoint.md	-	-	51	13	17
design/decisions/15-native-abi.md	-	21	43	1	3
design/decisions/150-per-thread-cpu-accounting.md	-	-	-	10	6
design/decisions/151-repository-goal-is-independent-release.md	-	-	46	13	3
design/decisions/152-port-range-capability.md	-	22	66	13	6
design/decisions/153-two-core-x86-test-sequencing.md	-	-	49	17	12
design/decisions/154-the-acronym-test-is-whether-the-phrase-is-spoken.md	-	-	49	11	9
design/decisions/155-naming-conventions-move-out-of-the-constitution.md	-	-	56	13	8
design/decisions/156-the-package-manager-waits-on-a-decision-not-milestone-23.md	-	-	-	9	4
design/decisions/157-a-trivial-install-is-a-web-page-a-usb-drive-and-packages.md	-	-	48	31	16
design/decisions/158-a-program-is-declared-once.md	-	-	54	17	3
design/decisions/159-upgrades-without-a-reimage.md	-	-	-	7	0
design/decisions/16-object-revocation.md	-	23	55	8	12
design/decisions/160-what-a-subshell-copies.md	-	-	64	15	2
design/decisions/161-what-counts-as-running-vaultwarden.md	-	-	42	15	2
design/decisions/162-giving-up-a-mapping.md	-	-	50	9	1
design/decisions/163-where-a-device-fault-is-delivered.md	-	-	47	11	0
design/decisions/164-resolving-a-tid-a-supervisor-holds.md	-	-	46	8	6
design/decisions/165-where-a-stored-secret-comes-from.md	-	-	43	12	2
design/decisions/166-the-rasteriser-and-how-many-faces.md	-	-	54	13	6
design/decisions/167-what-a-profiling-session-may-name.md	-	-	49	13	7
design/decisions/168-where-a-rotation-verb-lives.md	-	-	42	14	0
design/decisions/169-whether-a-clipboard-exists.md	-	21.5	50	11	2
design/decisions/17-riscv-second-architecture.md	-	22	111	8	5
design/decisions/170-how-a-foreign-program-is-told-what-to-do.md	-	-	-	14	1
design/decisions/171-where-a-program-image-starts.md	-	-	42	12	3
design/decisions/172-credential-endpoint-per-resource.md	-	-	44	7	3
design/decisions/173-narrowing-the-namespace-root.md	-	-	42	6	2
design/decisions/174-a-caller-for-the-three-uncalled-instruments.md	-	-	45	7	4
design/decisions/175-kernel-console-arbitration.md	-	-	48	6	4
design/decisions/176-offering-the-redoxfs-patches-upstream.md	-	-	-	6	3
design/decisions/177-measured-numbers-in-the-front-door-file.md	-	23	47	5	3
design/decisions/178-timer-rearm-seam.md	-	-	-	6	5
design/decisions/179-console-server-with-no-client.md	-	-	50	8	1
design/decisions/18-pcie-transport.md	-	24	55	7	1
design/decisions/180-a-third-program-directory.md	-	21	50	11	8
design/decisions/181-bootstrap-provisions-and-judges.md	-	-	-	13	1
design/decisions/182-provenance-for-wire-visible-names.md	-	-	53	13	4
design/decisions/183-what-no-arguments-means.md	-	-	46	16	8
design/decisions/184-an-x86-64-host-in-the-host-pass.md	-	-	49	10	6
design/decisions/185-composing-a-process-from-two-capabilities.md	-	-	43	10	6
design/decisions/186-where-the-riscv-tour-check-runs.md	-	-	-	16	6
design/decisions/187-crates-for-the-numbers-a-kernel-test-and-its-program-agree-on.md	-	-	52	9	7
design/decisions/188-one-home-for-the-trap-on-false-helper.md	-	-	56	7	2
design/decisions/189-what-a-caretaker-is-when-it-translates.md	-	-	42	15	3
design/decisions/19-architectural-parity.md	-	27	74	3	1
design/decisions/190-what-a-baseline-save-must-record.md	-	-	71	14	11
design/decisions/191-job-mix-repeats-and-what-the-line-reports.md	-	-	51	10	6
design/decisions/192-a-checked-direct-map-reader-for-the-acpi-walk.md	-	-	62	13	4
design/decisions/193-nvme-in-the-block-roster.md	-	-	50	9	6
design/decisions/194-sessions-interleave-rather-than-serialize.md	-	-	41	9	1
design/decisions/195-a-recipe-vouches-and-the-owner-may-overrule.md	-	-	58	13	13
design/decisions/196-nife-carries-tls-and-builds-the-provider.md	-	-	64	16	9
design/decisions/197-a-package-is-one-archive-file.md	-	-	49	14	5
design/decisions/198-the-glue-is-ours-the-primitives-are-not.md	-	-	41	14	3
design/decisions/199-the-screen-check-asks-instead-of-sampling.md	-	-	67	3	4
design/decisions/20-iommu-dma-isolation.md	-	24	68	8	0
design/decisions/200-two-crates-the-documentation-system-refused.md	-	-	58	5	2
design/decisions/201-one-roadmap-until-a-citation-has-to-cross.md	-	-	52	11	7
design/decisions/202-mechanical-work-goes-to-a-cheaper-model.md	-	-	64	25	18
design/decisions/203-capacity-is-rented-not-bought.md	-	-	47	16	10
design/decisions/204-how-userspace-asks-where-a-thread-runs.md	-	-	43	18	7
design/decisions/205-the-subscription-stays-and-renting-fills-the-tail.md	-	-	59	17	14
design/decisions/206-filing-a-lanes-findings-is-a-step-not-a-duty.md	-	-	42	9	3
design/decisions/207-the-roadmap-is-a-graph-and-says-so.md	-	-	47	33	14
design/decisions/208-installing-is-granting.md	-	-	69	18	4
design/decisions/209-state-handoff-is-an-opaque-blob-and-it-is-optional.md	-	-	53	13	10
design/decisions/21-terminal-in-userspace.md	-	21	49	5	3
design/decisions/210-a-correction-names-its-action.md	-	-	77	25	19
design/decisions/211-what-a-fatal-risk-verdict-says.md	-	-	77	25	10
design/decisions/212-a-prose-budget-for-every-document.md	-	-	68	29	13
design/decisions/22-rust-std-on-the-native-abi.md	-	24.5	69	12	13
design/decisions/23-multi-queue-dma-confinement.md	-	22.5	67	5	1
design/decisions/24-interrupting-the-foreground.md	-	-	-	6	1
design/decisions/25-socket-identity.md	-	-	47	-	-
design/decisions/26-fault-endpoint.md	-	-	76	28	13
design/decisions/27-filesystem-service.md	3263	-	76	20	20
design/decisions/28-smp-placement.md	-	-	66	15	5
design/decisions/29-framebuffer-grant.md	-	21	65	12	7
design/decisions/30-dma-boundary-proof.md	-	-	64	9	11
design/decisions/31-foreign-language-seam.md	-	-	62	22	12
design/decisions/32-reap-without-build.md	-	-	-	11	3
design/decisions/33-compositor-authority.md	-	22	74	11	15
design/decisions/34-redoxfs-primary.md	4123	-	71	54	28
design/decisions/35-scanner-findings.md	-	-	59	12	6
design/decisions/36-repository-in-the-tcb.md	-	22	62	10	5
design/decisions/37-text-as-a-value.md	-	-	82	13	10
design/decisions/38-scoped-suppressions.md	-	-	46	10	3
design/decisions/39-component-names.md	-	-	56	3	7
design/decisions/40-no-reaper-of-last-resort.md	-	-	-	5	6
design/decisions/41-endpoint-as-broker.md	-	-	52	13	10
design/decisions/42-truthful-filesystem.md	-	-	45	12	8
design/decisions/43-clock-authority.md	-	20.5	46	10	17
design/decisions/44-entropy-capability.md	-	-	54	8	11
design/decisions/45-partition-guid.md	-	-	-	4	1
design/decisions/46-dependency-rule.md	-	-	59	8	16
design/decisions/47-directory-rights.md	-	-	45	3	18
design/decisions/48-shell-navigation.md	-	-	-	6	13
design/decisions/49-removal-and-recursion.md	-	-	48	4	10
design/decisions/50-namespace-composition.md	-	-	-	10	9
design/decisions/51-sink-protocol.md	-	-	-	3	1
design/decisions/52-nameset-glob-grant.md	-	-	45	2	7
design/decisions/53-parity-matrix.md	-	-	45	9	8
design/decisions/54-host-recovery.md	-	-	-	8	4
design/decisions/55-shell-holds-the-redirect.md	-	-	-	11	7
design/decisions/56-verb-table.md	-	-	44	4	11
design/decisions/57-xattr-forwarding.md	-	-	-	3	2
design/decisions/58-wider-archive-name.md	-	-	-	7	5
design/decisions/59-append-mode.md	-	-	-	3	2
design/decisions/60-fuzzing-the-parsers.md	-	-	42	4	2
design/decisions/61-lints-on-evidence.md	-	20.5	46	2	4
design/decisions/62-below-the-stack-pointer.md	-	23	47	1	5
design/decisions/63-program-versus-crate.md	-	21	-	0	2
design/decisions/64-per-file-coverage.md	-	-	42	-	-
design/decisions/65-active-refusal.md	-	-	50	7	4
design/decisions/66-refusal-status.md	-	-	-	1	8
design/decisions/67-second-stream.md	-	26.5	41	1	3
design/decisions/68-boot-endowment-name.md	-	-	-	5	1
design/decisions/69-endow-versus-endowment.md	-	-	44	5	1
design/decisions/70-built-when-nothing-to-fix.md	-	-	52	4	3
design/decisions/71-recorded-limitations.md	-	-	49	3	0
design/decisions/72-time-command-clock.md	-	21	50	8	1
design/decisions/73-repository-admin-steps.md	-	21	42	9	6
design/decisions/74-audit-cadence.md	-	-	58	9	11
design/decisions/75-naming-covers-directories.md	-	-	46	7	5
design/decisions/76-roadmap-status-versus-tree.md	-	-	90	9	7
design/decisions/77-branch-prefixes.md	-	-	69	8	3
design/decisions/78-signed-commits.md	-	-	42	12	3
design/decisions/79-password-equivalent-material.md	-	-	43	16	7
design/decisions/80-one-build-for-everything.md	-	-	59	10	19
design/decisions/81-dependency-upgrades.md	-	-	43	6	3
design/decisions/82-ambient-authority-and-the-rewrite.md	-	-	46	17	9
design/decisions/83-rust-over-c-implementations.md	-	-	-	11	3
design/decisions/84-how-we-port.md	-	-	41	17	7
design/decisions/85-evidence-and-product.md	-	-	44	12	1
design/decisions/86-el0-nvme-driver.md	6301	-	78	63	36
design/decisions/87-permissive-license.md	-	22	59	5	2
design/decisions/88-needs-architect-as-a-check.md	-	-	49	10	2
design/decisions/89-provisional-versus-unrecorded.md	-	-	54	12	3
design/decisions/90-claiming-and-closing.md	-	-	44	13	6
design/decisions/91-endpoints-before-the-refusal.md	-	-	62	10	4
design/decisions/92-caretaker-lifetime.md	-	-	-	9	4
design/decisions/93-filesystem-wire-protocol.md	-	-	42	13	3
design/decisions/94-what-may-live-in-a-library.md	-	-	55	9	6
design/decisions/95-a-proven-ipc-fastpath.md	-	-	64	16	19
design/decisions/96-process-kernel-or-event-kernel.md	3038	-	54	36	35
design/decisions/97-advisory-checks.md	-	-	51	20	14
design/decisions/98-opendir-cannot-attenuate.md	-	-	41	9	2
design/decisions/99-apple-metadata-at-rest.md	4138	-	48	53	15
design/decisions/README.md	-	-	70	-	-
design/display-ladder.md	-	23	56	9	8
design/driver-domains.md	-	-	46	13	5
design/fat-binaries.md	-	-	-	18	11
design/fatal-risks.md	-	-	42	17	2
design/fatal-risks/somebody-elses-software.md	-	-	44	-	-
design/haiku-bfs-and-packages.md	-	-	45	8	17
design/init-and-granular-spawn.md	-	-	61	22	16
design/interrupt-routing.md	-	-	47	9	14
design/kernel-objects-from-untyped.md	-	-	58	12	9
design/naming/boolean-predicates-worklist.md	-	-	62	10	0
design/naming/boolean-predicates.md	-	-	-	11	1
design/open-design-ideas.md	-	-	47	10	11
design/original-milestone-plan.md	-	-	64	1	2
design/roadmap/01-first-boot.md	-	-	-	3	0
design/roadmap/02-exception-vectors.md	-	-	-	3	0
design/roadmap/03-frame-allocator.md	-	-	56	4	0
design/roadmap/04-mmu-and-heap.md	-	-	47	3	0
design/roadmap/05-gic-and-timer.md	-	21.5	-	3	0
design/roadmap/06-threads-and-preemption.md	-	-	-	3	0
design/roadmap/07-user-mode.md	-	-	45	3	4
design/roadmap/08-console-leaves-the-kernel.md	-	-	44	3	0
design/roadmap/09-virtio-blk-at-el0.md	-	-	-	3	2
design/roadmap/10-shell-and-spawn.md	-	24	50	7	0
design/roadmap/100-psci-and-cpu-discovery.md	-	-	47	12	2
design/roadmap/101-el0-ipc-calibration.md	-	-	58	23	8
design/roadmap/102-device-fault-routing.md	-	-	48	11	1
design/roadmap/103-interrupt-watch-stops-spinning.md	-	-	-	8	3
design/roadmap/104-init-measures-what-init-loads.md	-	-	55	11	3
design/roadmap/105-reap-right-and-thread-handles.md	-	-	50	15	2
design/roadmap/106-deadline-wait.md	-	-	56	31	27
design/roadmap/107-sockets-that-accept.md	-	-	46	11	2
design/roadmap/108-drivers-on-frame-capabilities.md	-	22	47	11	2
design/roadmap/109-xargs-at-the-grant-bound.md	-	-	51	15	3
design/roadmap/11-untyped-memory.md	-	27.5	-	3	0
design/roadmap/110-recovery-from-a-partition.md	-	-	41	11	2
design/roadmap/111-entropy-for-a-child.md	-	-	66	32	2
design/roadmap/112-safety-comments-that-bind.md	-	-	51	15	8
design/roadmap/113-proofs-under-the-unsafe-lints.md	-	-	46	16	2
design/roadmap/114-decisions-split.md	-	-	48	17	3
design/roadmap/115-ratified-names.md	-	-	90	22	4
design/roadmap/116-one-sided-fences.md	-	-	54	15	2
design/roadmap/117-newcomer-onboarding.md	8718	-	81	125	34
design/roadmap/118-constitution-budget.md	9008	-	97	94	51
design/roadmap/119-merge-throughput.md	-	-	57	21	9
design/roadmap/12-call-reply-ipc.md	-	-	-	10	1
design/roadmap/120-nife-and-the-organization.md	-	-	62	38	8
design/roadmap/121-ripgrep-and-enumeration.md	-	-	48	32	17
design/roadmap/122-a-directory-handle-std-can-hold.md	-	-	59	32	6
design/roadmap/123-the-demonstration.md	-	-	65	17	11
design/roadmap/124-a-thread-is-born-where-it-lives.md	3894	-	67	48	23
design/roadmap/125-a-number-in-the-prose-is-a-claim.md	-	-	51	23	10
design/roadmap/126-who-else-is-running.md	8556	22	101	83	61
design/roadmap/127-the-sel4-machine.md	-	-	72	24	6
design/roadmap/128-automation-identity.md	-	-	63	27	10
design/roadmap/129-scheduled-execution.md	3276	-	71	42	11
design/roadmap/13-capability-revocation.md	-	-	54	11	2
design/roadmap/130-the-copy-that-outlived-its-reason.md	-	-	53	24	9
design/roadmap/131-share-configuration-and-secrets.md	-	-	63	20	10
design/roadmap/132-the-fastpath-footprint.md	-	-	54	20	9
design/roadmap/133-blocked-thread-teardown.md	-	22	73	23	12
design/roadmap/134-the-measurements-that-decide.md	5287	-	85	56	50
design/roadmap/135-loom-region-claim.md	-	22	74	18	6
design/roadmap/136-one-decision-path.md	-	-	51	23	9
design/roadmap/137-mac-file-server.md	-	22	60	12	5
design/roadmap/138-file-io-throughput.md	7896	21	73	87	60
design/roadmap/139-drive-down-unsafe.md	13775	25	123	104	59
design/roadmap/14-kernel-objects-from-untyped.md	-	-	-	11	2
design/roadmap/140-foreign-filesystems.md	-	-	57	32	10
design/roadmap/141-a-palette-worth-looking-at.md	-	-	42	15	5
design/roadmap/142-a-text-display-worth-living-in.md	8383	-	83	95	61
design/roadmap/143-silicon-iommu.md	-	-	47	16	14
design/roadmap/144-sandbox-screendump-gap.md	-	-	56	11	0
design/roadmap/145-test-fixture-skip.md	-	-	58	8	1
design/roadmap/146-nfs-network-file-system.md	-	-	44	23	1
design/roadmap/147-pmu-capability-profiler.md	-	25	66	19	2
design/roadmap/148-os-noise-bound.md	-	29	74	19	6
design/roadmap/149-hpc-benchmark-suite.md	-	26	85	20	7
design/roadmap/15-asids.md	-	-	-	11	1
design/roadmap/150-program-declaration-data.md	-	-	67	32	1
design/roadmap/151-notification-objects.md	-	23	43	12	0
design/roadmap/152-durable-delegation.md	3105	24	113	36	7
design/roadmap/153-out-of-memory-causes.md	-	-	58	10	5
design/roadmap/154-multi-directory-namespace.md	-	24.5	86	25	11
design/roadmap/155-user-provisioning.md	-	28	64	16	3
design/roadmap/156-syscall-entry-diet.md	-	21	62	9	5
design/roadmap/157-uboot-framebuffer-handoff.md	-	-	51	7	0
design/roadmap/158-kernel-object-rename-build.md	4108	35	167	19	10
design/roadmap/159-jh7110-trng-driver.md	5302	-	82	53	43
design/roadmap/16-real-hardware-iommu.md	-	22	60	22	7
design/roadmap/160-pub-fn-naming-review.md	-	21	66	6	3
design/roadmap/161-x86-64-kernel-port.md	9689	22	150	106	59
design/roadmap/162-cpu-instruction-entropy.md	-	24	78	19	8
design/roadmap/163-jh7110-pcie-root-complex.md	-	24.5	71	4	2
design/roadmap/164-x86-64-fs-server-aes.md	-	21.5	49	18	7
design/roadmap/165-x86-64-pci-acpi-mcfg.md	3569	23	67	29	13
design/roadmap/166-init-boot-parity.md	-	22	61	9	4
design/roadmap/167-timebase-page-delegation.md	-	27	68	7	2
design/roadmap/168-multitasking-benchmark.md	4403	-	73	54	28
design/roadmap/169-kilo-editor.md	-	23	63	11	3
design/roadmap/17-multikernel-scheduler.md	-	-	53	7	2
design/roadmap/170-nano-editor.md	-	26	53	6	0
design/roadmap/171-git-core-userspace.md	-	23.5	50	3	0
design/roadmap/172-capability-native-subprocess.md	-	25	58	6	1
design/roadmap/173-rustc-cargo-self-host.md	-	27	84	5	2
design/roadmap/174-nife-thin-dev-client.md	-	25.5	58	5	1
design/roadmap/175-user-components-fixtures-split.md	-	20.5	73	29	13
design/roadmap/176-x86-64-discovery-seam-wide-half.md	-	29	70	9	4
design/roadmap/177-graphical-interactive-boot.md	-	21	82	27	9
design/roadmap/178-credential-rotation.md	-	31	53	5	3
design/roadmap/179-mouse-pointer-input.md	-	27	67	7	2
design/roadmap/18-verify-capability-core.md	-	-	73	14	6
design/roadmap/180-clipboard-copy-paste.md	-	26	56	6	2
design/roadmap/181-persistent-foreign-component.md	-	26	63	8	3
design/roadmap/182-x86-64-interactive-boot.md	3456	-	60	45	9
design/roadmap/183-capability-holder-index.md	-	26	60	10	4
design/roadmap/184-std-x86-64.md	-	-	-	20	4
design/roadmap/185-userspace-retry-sweep.md	-	30.5	53	4	4
design/roadmap/186-architecture-list-derivation.md	-	21	81	21	16
design/roadmap/187-x86-64-arch-audit.md	4468	-	67	41	11
design/roadmap/188-ipc-fastpath.md	6805	-	68	70	31
design/roadmap/189-per-architecture-frame-budget.md	-	-	55	13	6
design/roadmap/19-real-workload.md	-	-	51	10	3
design/roadmap/190-ext4-read-write.md	3001	-	86	29	9
design/roadmap/191-proof-retrospective.md	-	-	55	22	5
design/roadmap/192-keyboard-on-real-silicon.md	3505	-	50	46	28
design/roadmap/193-kernel-kani-reachable.md	-	-	52	31	6
design/roadmap/194-falsification-records.md	-	-	43	18	1
design/roadmap/195-uefi-boot-finish.md	-	-	45	16	6
design/roadmap/196-elf-physical-address.md	-	-	59	17	1
design/roadmap/197-user-and-xtask-proofs.md	-	20.5	81	20	11
design/roadmap/198-package-manager.md	4626	-	123	37	29
design/roadmap/199-license-visibility.md	-	-	-	7	7
design/roadmap/20-portable-hal.md	-	-	48	17	4
design/roadmap/200-address-kinds-are-types.md	-	-	50	19	4
design/roadmap/201-defect-discovery-curve.md	-	-	50	29	6
design/roadmap/202-confinement-claims-falsified.md	-	-	59	33	8
design/roadmap/203-vendored-engine-upgrades.md	-	-	52	25	11
design/roadmap/204-lane-claim-check.md	-	-	66	22	5
design/roadmap/205-foreign-program-arguments.md	-	-	49	10	0
design/roadmap/206-user-image-ceiling.md	-	-	47	7	2
design/roadmap/207-community-documentation.md	-	21	63	22	20
design/roadmap/208-boot-section-wx.md	-	-	56	27	7
design/roadmap/209-session-preflight.md	-	-	-	13	4
design/roadmap/20a-name-the-seams.md	-	-	-	7	0
design/roadmap/21-benchmarks.md	-	-	59	12	2
design/roadmap/210-run-one-kernel-test.md	-	-	57	12	9
design/roadmap/211-self-referential-harnesses.md	-	-	48	23	8
design/roadmap/212-falsification-ratio-is-partial.md	-	-	44	17	7
design/roadmap/213-harnesses-that-duplicate-the-implementation.md	-	-	48	16	5
design/roadmap/214-print-and-return-skips.md	-	22	49	24	8
design/roadmap/215-x86-64-pci-interrupt-routing.md	-	-	58	27	18
design/roadmap/216-board-console.md	-	-	73	34	8
design/roadmap/217-matched-pair-on-the-card.md	-	21	51	18	4
design/roadmap/218-hands-free-board-boot.md	-	-	70	32	11
design/roadmap/219-a-workload-that-does-not-stop.md	-	-	51	29	14
design/roadmap/22-trusted-init.md	-	-	57	23	9
design/roadmap/220-jh7110-clock-and-reset.md	-	-	66	30	10
design/roadmap/221-a-soak-that-crosses-cores.md	-	22.5	61	21	7
design/roadmap/222-hvf-leg-fails-silently.md	-	-	70	22	7
design/roadmap/223-a-card-checker.md	-	25	53	19	4
design/roadmap/224-remote-power-for-radon.md	-	-	41	19	9
design/roadmap/225-run-the-soak-on-the-boards.md	-	21	42	16	2
design/roadmap/226-qemu-bounded-orphans.md	-	21.5	55	33	5
design/roadmap/227-gicv3-driver.md	-	-	53	36	6
design/roadmap/228-close-what-we-claim-is-closed.md	-	-	63	28	13
design/roadmap/229-the-counter-grant.md	-	-	51	35	13
design/roadmap/23-component-os-live-replacement.md	3338	-	93	37	34
design/roadmap/230-shell-check-is-red.md	3069	-	54	31	21
design/roadmap/231-capability-slot-high-water-mark.md	-	-	52	23	7
design/roadmap/232-what-the-checks-actually-check.md	-	-	55	31	8
design/roadmap/233-login-never-runs.md	-	-	54	18	8
design/roadmap/234-project-metrics.md	-	-	81	22	5
design/roadmap/235-a-faulted-job-should-reach-the-prompt.md	-	21.5	61	17	4
design/roadmap/236-lift-the-copied-derivations.md	-	-	51	28	3
design/roadmap/237-the-cycle-grant-is-a-measurement-build.md	-	-	62	28	11
design/roadmap/238-the-scheduled-checks-that-never-run.md	3200	-	55	45	18
design/roadmap/239-radons-tree-describes-less-than-the-chip-has.md	-	-	68	25	2
design/roadmap/24-second-aarch64-board.md	-	22.5	53	10	6
design/roadmap/240-a-soak-should-say-where-its-threads-landed.md	-	-	63	20	4
design/roadmap/241-what-a-fourth-board-would-have-to-be-for.md	-	-	61	24	18
design/roadmap/242-usb-host-and-a-keyboard-that-is-not-a-uart.md	-	-	56	13	6
design/roadmap/243-a-machine-with-no-serial-port-cannot-say-anything.md	3931	-	70	62	22
design/roadmap/244-the-largest-crate-in-the-tree-is-proved-by-nothing.md	-	-	59	21	11
design/roadmap/245-a-soak-cannot-tell-a-flat-run-from-a-productive-one.md	-	-	49	15	4
design/roadmap/246-the-refusal-path-of-measured-boot-is-tested-by-nothing.md	-	-	66	20	5
design/roadmap/247-follow-on-work-named-by-a-finished-milestone-goes-nowhere.md	-	-	63	27	9
design/roadmap/248-a-placement-cannot-be-constructed-only-drawn.md	-	-	55	18	6
design/roadmap/249-the-boot-lottery-is-sampled-by-a-person-walking-to-the-board.md	3074	-	67	46	9
design/roadmap/25-cross-os-comparison.md	-	-	47	11	5
design/roadmap/250-an-unviable-mutant-is-a-hole-that-reads-as-a-pass.md	-	-	61	17	7
design/roadmap/251-a-needs-architect-label-outlives-its-question.md	-	-	-	15	2
design/roadmap/252-a-partial-block-is-the-one-nobody-re-reads.md	-	-	52	29	4
design/roadmap/253-a-status-that-only-becomes-wrong-after-the-merge.md	-	-	-	15	4
design/roadmap/254-a-caller-stranded-by-a-dead-server.md	-	-	47	27	14
design/roadmap/255-the-arch-layer-the-prover-cannot-see.md	-	21	61	29	5
design/roadmap/256-a-bar-window-the-machine-agreed-to.md	-	-	57	34	11
design/roadmap/257-network-boot-radon.md	-	-	68	38	16
design/roadmap/258-archive-and-compression.md	-	21	51	16	6
design/roadmap/259-sweep-the-notes-for-stale-claims.md	-	-	54	40	10
design/roadmap/26-object-revocation.md	-	-	53	7	2
design/roadmap/260-network-boot-xenon.md	-	21	59	32	25
design/roadmap/261-el0-nvme-on-xenon.md	-	-	59	43	13
design/roadmap/262-consolidate-the-naming-record.md	-	22	54	23	7
design/roadmap/263-can-a-timer-be-a-capability.md	3180	-	74	37	18
design/roadmap/264-sixty-names-nobody-wrote-down.md	-	-	53	34	21
design/roadmap/265-proto-is-a-truncation-not-an-abbreviation.md	3304	-	53	50	12
design/roadmap/266-init-is-an-action-and-the-thing-is-a-process.md	3632	-	56	51	21
design/roadmap/267-the-tour-is-three-things-wearing-one-name.md	3429	-	59	38	19
design/roadmap/268-the-boot-ladder.md	5513	-	66	68	25
design/roadmap/269-machine-as-a-program.md	-	-	47	9	3
design/roadmap/27-rust-std.md	-	-	64	16	4
design/roadmap/270-x86-64-runner-device-parity.md	-	-	-	5	1
design/roadmap/271-pcide-measurement.md	-	25	58	9	4
design/roadmap/272-acpi-core-roster-cross-check.md	-	-	-	5	1
design/roadmap/273-x86-64-scaling-benchmarks.md	-	24.5	-	6	3
design/roadmap/274-apple-silicon-isa-support.md	-	-	61	15	3
design/roadmap/275-fatal-risks-status-check.md	-	23	95	28	7
design/roadmap/276-naming-metrics.md	-	-	50	28	9
design/roadmap/277-mutant-memory-bound.md	-	20.5	58	21	6
design/roadmap/278-user-runtime-pure-modules.md	-	-	47	16	5
design/roadmap/279-documentation-service.md	-	-	47	10	1
design/roadmap/28-line-discipline.md	-	-	52	9	5
design/roadmap/280-unexplained-mutation-scores.md	-	-	47	24	8
design/roadmap/281-watch-is-cut-not-folded.md	-	-	55	19	4
design/roadmap/282-per-thread-cpu-time.md	-	-	43	17	3
design/roadmap/283-one-name-block-per-file.md	-	-	57	19	3
design/roadmap/284-finish-the-progenitor-rename.md	-	-	47	36	11
design/roadmap/285-the-user-mode-prefix.md	-	22	91	18	10
design/roadmap/286-one-enumeration-of-the-gates.md	-	-	61	22	7
design/roadmap/287-bootstrap-installs-a-working-qemu.md	-	-	45	37	14
design/roadmap/288-host-tests-that-assume-an-aarch64-host.md	-	-	88	32	13
design/roadmap/289-the-riscv-tour-earns-its-place.md	-	-	73	21	12
design/roadmap/29-display-terminal.md	-	-	79	17	16
design/roadmap/290-one-ntp-binary-is-three-programs.md	-	-	47	28	23
design/roadmap/291-one-program-one-job.md	-	-	68	19	11
design/roadmap/292-the-sink-contract-ends-are-three-programs.md	-	-	50	18	12
design/roadmap/293-identity-is-an-argument-not-a-role.md	-	-	65	15	13
design/roadmap/294-the-index-is-generated.md	-	-	83	20	8
design/roadmap/295-retire-the-builder-program.md	-	-	73	27	21
design/roadmap/296-initboot-is-shell.md	-	-	57	25	17
design/roadmap/297-soak-becomes-soak-test.md	-	-	86	19	19
design/roadmap/298-retire-the-multicast-dns-responder.md	-	-	55	28	2
design/roadmap/299-x86-port-capability.md	-	21	73	19	9
design/roadmap/30-network-stack.md	-	-	65	13	4
design/roadmap/300-decompose-the-icount-drift.md	-	-	49	11	5
design/roadmap/301-one-grant-order-for-the-progenitor.md	-	27	50	4	1
design/roadmap/302-a-baseline-records-what-it-was-saved-against.md	-	22	60	27	3
design/roadmap/303-x86-64-fs-disk.md	-	23	66	26	6
design/roadmap/304-prover-one-architecture.md	-	-	72	23	17
design/roadmap/305-kernel-falsification-sweep.md	3049	-	58	30	15
design/roadmap/306-time-the-hw-entropy-step.md	-	-	61	23	10
design/roadmap/307-which-assertion-fires.md	-	21	59	17	8
design/roadmap/308-route-gsi-by-index.md	-	-	52	27	12
design/roadmap/309-x86-64-core-cycles.md	-	-	59	32	11
design/roadmap/31-capability-shell.md	-	21	73	23	16
design/roadmap/310-miri-leak-free.md	-	-	53	18	9
design/roadmap/311-audit-cadence-path.md	-	-	64	22	4
design/roadmap/312-drift-bare-metal-list.md	-	-	57	20	9
design/roadmap/313-confinement-audit.md	-	-	85	22	0
design/roadmap/314-ecam-second-witness.md	-	21	59	11	5
design/roadmap/315-port-revoke-every-core.md	-	24	54	15	4
design/roadmap/316-x86-smp-two-cores.md	-	-	63	17	18
design/roadmap/317-interrupt-remapping-flags.md	3681	-	58	39	13
design/roadmap/318-nvme-test-on-real-geometry.md	-	-	99	18	5
design/roadmap/319-machine-discovery-proofs.md	-	-	86	23	11
design/roadmap/32-redoxfs-fs-server.md	-	-	65	22	8
design/roadmap/320-every-pci-bus-the-machine-has.md	-	-	59	13	7
design/roadmap/321-a-corpse-on-four-real-cores.md	-	-	51	27	18
design/roadmap/322-machine-matrix.md	-	-	66	16	13
design/roadmap/323-falsification-record-completeness.md	-	-	56	30	7
design/roadmap/324-the-bench-console-cannot-speak-to-a-board.md	4872	21	71	53	25
design/roadmap/325-what-the-pci-scan-does-not-yet-program.md	-	-	64	9	1
design/roadmap/326-turn-a-mutation-score-upward.md	3819	-	79	44	19
design/roadmap/327-a-credential-endpoint-per-resource.md	-	-	60	5	1
design/roadmap/328-a-grant-on-the-namespace-root.md	-	-	63	3	1
design/roadmap/329-a-record-level-chosen-at-the-wrong-size.md	-	21	56	3	2
design/roadmap/33-compositor.md	-	-	50	6	2
design/roadmap/330-a-regression-gate-for-the-fault-path.md	-	23	83	4	4
design/roadmap/331-a-thread-that-departs-before-it-is-dead.md	-	29	65	3	1
design/roadmap/332-card-pair-verifier.md	-	27	55	3	1
design/roadmap/333-claims-the-sweep-found-false-outside-the-roadmap.md	-	-	55	15	4
design/roadmap/334-colour-and-the-pager.md	-	21	52	3	1
design/roadmap/335-ctx-switch-on-riscv-silicon.md	-	20.5	-	6	1
design/roadmap/336-fastpath-footprint-against-main.md	-	-	61	7	6
design/roadmap/337-frames-a-client-reads-itself.md	-	-	44	3	1
design/roadmap/338-high-water-gauges-for-fixed-tables.md	-	-	53	3	2
design/roadmap/339-how-many-programs-can-fault.md	-	-	59	3	2
design/roadmap/34-gpu-acceleration.md	-	21	75	4	3
design/roadmap/340-image-permissions-required-check.md	-	-	80	6	2
design/roadmap/341-instruments-nothing-runs.md	-	-	50	3	3
design/roadmap/342-kernel-console-arbitration.md	-	21	74	3	1
design/roadmap/343-machine-names-that-lead-in-source.md	-	-	51	11	4
design/roadmap/344-one-branch-prefix-or-five.md	-	21	70	8	2
design/roadmap/345-pure-halves-of-the-user-rt-crates.md	-	21	54	3	2
design/roadmap/346-redoxfs-first-pin-bump.md	-	21.5	54	3	2
design/roadmap/347-redoxfs-patches-upstream.md	-	-	54	3	1
design/roadmap/348-relocatable-x86-64-kernel-image.md	-	21	59	3	1
design/roadmap/349-sampling-the-compositor-sweeps-under-miri.md	-	20.5	48	3	5
design/roadmap/35-dma-confinement-proof.md	-	-	63	23	11
design/roadmap/350-stale-comment-ratio-in-agents-md.md	-	-	41	3	3
design/roadmap/351-std-under-a-narrowed-grant.md	-	21	48	3	1
design/roadmap/352-the-113-rename-that-stopped-at-the-code.md	-	-	48	8	5
design/roadmap/353-the-aarch64-half-of-74.md	3128	-	50	31	16
design/roadmap/354-the-mutants-nobody-counts.md	-	-	76	7	3
design/roadmap/355-the-other-four-loom-surfaces.md	-	-	47	5	0
design/roadmap/356-the-region-half-of-the-retention-declaration.md	-	22.5	62	6	1
design/roadmap/357-the-statuses-the-follow-on-gate-does-not-cover.md	-	-	56	8	1
design/roadmap/358-the-unsafe-log-page-walk-in-revoke.md	-	21.5	49	5	0
design/roadmap/359-three-blind-spots-in-the-proof-scope.md	-	21	55	3	1
design/roadmap/36-foreign-component.md	-	-	75	27	14
design/roadmap/360-timer-rearm-seam.md	-	21	43	3	0
design/roadmap/361-unattributed-fastpath-residuals.md	-	-	48	7	3
design/roadmap/362-virtio-rng-on-the-x86-64-runner.md	-	-	45	4	0
design/roadmap/363-what-asids-bought.md	-	21	50	3	1
design/roadmap/364-x86-64-test-fixtures.md	-	21.5	45	3	0
design/roadmap/365-xtask-in-modules.md	-	-	49	22	1
design/roadmap/366-a-block-site-that-writes-blocked-by-hand.md	-	26	63	6	3
design/roadmap/367-a-boot-banner-that-names-the-build.md	-	24	48	2	4
design/roadmap/368-a-flat-entry-set-counts-bytes-no-syscall-fetches.md	-	-	64	14	14
design/roadmap/369-a-gate-that-can-read-a-machine-with-no-serial-port.md	-	27	48	9	4
design/roadmap/37-redoxfs-crash-consistency.md	-	26	66	7	6
design/roadmap/370-a-layout-control-for-the-perturbation-experiments.md	-	-	91	27	16
design/roadmap/371-a-reply-capability-that-names-a-call.md	-	-	47	7	2
design/roadmap/372-an-entropy-device-that-answers-with-zeros.md	-	23	48	6	0
design/roadmap/373-board-only-features-nothing-compiles.md	-	22	59	4	4
design/roadmap/374-cycles-per-ipc-on-the-bench-card.md	-	-	58	2	4
design/roadmap/375-e3-on-radon-with-real-cycles.md	-	-	46	12	6
design/roadmap/376-nothing-turns-a-device-back-off.md	-	-	46	10	1
design/roadmap/377-one-screendump-decoder-not-two.md	-	23	60	3	1
design/roadmap/378-read-the-dmar-on-xenon.md	-	20.5	51	16	2
design/roadmap/379-select-the-padding-at-boot-not-at-compile-time.md	-	26	59	8	3
design/roadmap/38-filesystem-throughput.md	-	24.5	51	7	4
design/roadmap/380-the-ceiling-applies-to-a-number-that-moved.md	-	-	44	10	3
design/roadmap/381-the-uefi-loaders-firmware-half-is-proved-by-one-boot.md	-	25	61	6	4
design/roadmap/382-three-aim7-job-categories-the-job-mix-does-not-have.md	-	20.5	60	9	6
design/roadmap/383-a-backticked-path-that-does-not-resolve.md	-	-	73	19	6
design/roadmap/384-a-name-resolver-and-who-holds-it.md	-	22	66	11	6
design/roadmap/385-a-note-that-cites-a-milestone-that-moved.md	-	-	73	33	10
design/roadmap/386-a-provenance-token-that-agrees-with-its-own-prose.md	-	21	45	6	3
design/roadmap/387-a-tls-stack-and-which-one.md	-	-	58	18	12
design/roadmap/388-an-acronym-sweep-the-tree-can-do-at-once.md	-	24.5	70	12	8
design/roadmap/389-nife-hosts-on-a-tailnet.md	-	22	50	12	8
design/roadmap/39-repository-structure.md	-	-	72	24	16
design/roadmap/390-spawn-can-place-a-capability-at-a-named-slot.md	-	23	55	8	1
design/roadmap/391-kernel-introspection-over-an-endpoint.md	-	-	74	11	7
design/roadmap/392-a-legacy-virtio-mmio-slot-panics-the-scan.md	-	27	61	7	2
design/roadmap/393-the-host-excluded-crate-set-lives-in-four-places.md	-	-	72	7	3
design/roadmap/394-a-console-server-with-nobody-to-print-for.md	-	20.5	79	10	3
design/roadmap/395-a-third-program-directory-for-tools.md	-	23	77	12	3
design/roadmap/396-an-apt-qemu-that-is-installed-and-then-shadowed.md	-	20.5	64	3	5
design/roadmap/397-bootstrap-installs-and-also-judges.md	-	-	94	7	2
design/roadmap/398-provenance-for-wire-visible-names.md	-	-	77	6	6
design/roadmap/399-the-six-init-roles-in-hello.md	-	-	77	11	2
design/roadmap/40-documentation-service.md	4067	22	95	35	26
design/roadmap/400-the-shell-on-the-firmware-screen.md	-	-	48	33	14
design/roadmap/401-a-gate-that-selects-the-set-it-judges.md	-	-	69	13	5
design/roadmap/402-a-service-report-nobody-is-obliged-to-drain.md	-	-	46	7	4
design/roadmap/403-an-x86-64-host-in-the-host-pass.md	-	23	90	7	3
design/roadmap/404-composing-a-process-from-two-capabilities.md	-	-	107	10	7
design/roadmap/405-nine-init-roles-and-the-entry-the-kernel-picks.md	-	23.5	75	7	3
design/roadmap/406-nothing-in-ci-boots-the-riscv-tour.md	-	24	52	9	8
design/roadmap/407-one-definition-of-the-numbers-a-kernel-test-and-its-program-agree-on.md	-	22	72	10	4
design/roadmap/408-one-home-for-the-trap-on-false-helper.md	-	24	52	7	0
design/roadmap/409-one-machine-description-not-two.md	-	21	64	5	1
design/roadmap/41-dead-code-triage.md	-	-	46	21	19
design/roadmap/410-six-copies-of-the-shared-frame-accessors.md	-	24.5	49	7	1
design/roadmap/411-the-machine-description-should-say-the-screen-geometry.md	-	22	55	4	1
design/roadmap/412-the-uefi-boot-gate-asserts-two-cores-that-do-not-always-start.md	-	-	57	7	4
design/roadmap/413-what-a-caretaker-is-when-it-translates.md	-	-	50	8	2
design/roadmap/414-which-qemu-a-red-post-run-check-was-run-under.md	-	24.5	48	4	3
design/roadmap/415-sub-tripwire-drift-accumulates-across-baseline-saves.md	-	21	67	17	16
design/roadmap/416-the-two-loader-names-the-tree-still-carries.md	-	-	43	11	4
design/roadmap/417-a-usurper-that-reports-instead-of-hanging.md	-	-	50	8	6
design/roadmap/418-did-the-mutation-census-already-know-about-row-12.md	-	22	65	10	2
design/roadmap/419-more-repeats-where-the-job-mix-contends.md	-	-	64	17	4
design/roadmap/42-supply-chain-and-fuzzing.md	-	24	69	10	9
design/roadmap/420-the-rest-of-the-x86-64-fixture-set.md	-	26	53	7	0
design/roadmap/421-a-block-roster-that-can-name-an-nvme-disk.md	-	27.5	64	7	1
design/roadmap/422-a-cadence-job-whose-healthy-state-is-red.md	-	22	55	7	5
design/roadmap/423-a-checked-direct-map-reader-for-the-acpi-walk.md	-	22	57	6	0
design/roadmap/424-a-ring-0-that-provably-cannot-execute-ring-3-pages.md	-	26.5	84	5	0
design/roadmap/425-a-stack-gate-that-fires-only-on-a-filtered-run.md	-	22	71	3	4
design/roadmap/426-a-sweep-for-specification-fields-that-are-one-less.md	-	-	62	6	0
design/roadmap/427-the-documentation-sweep-the-worklist-already-ranks.md	-	-	68	4	3
design/roadmap/428-what-the-weekly-miri-run-should-cost.md	-	-	55	7	2
design/roadmap/429-a-lane-that-outlives-its-own-merge.md	-	-	60	16	4
design/roadmap/43-second-security-audit.md	-	24.5	58	7	4
design/roadmap/430-refusals-written-where-the-tool-cannot-read-them.md	-	-	51	19	11
design/roadmap/431-the-acpi-walk-is-reachable-and-unproved.md	-	-	69	8	3
design/roadmap/432-the-riscv-iommu-driver-has-no-proof.md	-	23	82	6	8
design/roadmap/433-drain-the-proposal-pile.md	-	-	78	32	16
design/roadmap/434-retire-the-proposed-disposition.md	-	23.5	74	17	7
design/roadmap/435-decision-gates-that-name-no-decision.md	3014	-	65	46	12
design/roadmap/436-proposal-paths-that-resolve-to-nothing.md	-	23	52	6	2
design/roadmap/437-a-witness-bit-set-has-no-mechanism.md	-	-	56	11	2
design/roadmap/438-a-mutation-gate-on-the-diff.md	-	-	62	31	18
design/roadmap/439-a-sweep-that-says-it-is-alive.md	-	24	48	9	5
design/roadmap/44-github-hardening.md	-	-	60	17	7
design/roadmap/440-what-no-arguments-means.md	-	-	52	17	12
design/roadmap/441-the-program-that-makes-the-stick.md	-	-	72	20	6
design/roadmap/442-a-crypto-provider-that-builds-on-bare-metal.md	-	-	68	33	10
design/roadmap/443-derived-files-and-numbers-make-lanes-wait.md	-	-	51	30	9
design/roadmap/444-a-citation-says-what-it-cites.md	-	-	45	19	7
design/roadmap/445-the-screen-check-stops-sampling-and-starts-asking.md	-	-	56	23	9
design/roadmap/446-the-naming-worklist-says-what-it-covers.md	-	-	57	16	6
design/roadmap/447-vector-registers-are-a-thread-s-own.md	5219	-	63	48	26
design/roadmap/448-a-refusal-gets-a-number.md	-	21	71	21	14
design/roadmap/449-the-el2-to-el1-drop.md	-	-	-	3	0
design/roadmap/45-codeql-triage.md	-	27	58	7	5
design/roadmap/450-a-signature-over-the-init-image.md	-	21	48	4	0
design/roadmap/451-more-than-eight-names-in-a-grant.md	-	23	-	3	0
design/roadmap/452-a-salvage-tool-for-a-broken-superblock.md	-	-	-	3	0
design/roadmap/453-a-lint-for-a-safety-comment-on-a-safe-fn.md	-	20.5	59	3	0
design/roadmap/454-the-stack-sizes-nobody-has-sized.md	-	-	72	3	0
design/roadmap/455-the-signalling-stratum.md	-	-	-	3	0
design/roadmap/456-the-capability-derivation-tree.md	-	-	42	3	0
design/roadmap/457-sub-page-object-packing.md	-	-	-	3	0
design/roadmap/458-asid-generations-and-rollover.md	-	-	-	3	0
design/roadmap/459-legacy-intx-interrupt-routing.md	-	22	63	3	0
design/roadmap/46-component-renames.md	-	-	60	16	3
design/roadmap/460-a-riscv64-arm-for-instruction-entropy.md	-	-	46	3	0
design/roadmap/461-an-sse-enabled-x86-64-userspace-target.md	-	23	46	4	1
design/roadmap/462-the-soft-aes-cost.md	-	-	41	3	0
design/roadmap/463-an-mcfg-whose-first-bus-is-not-zero.md	-	-	41	3	0
design/roadmap/464-a-committed-baseline-for-the-multitasking-sweep.md	-	-	-	3	0
design/roadmap/465-net-transport-and-socket-test-client-as-crates.md	-	-	-	3	0
design/roadmap/466-verus-and-unbounded-proof.md	-	21	-	3	0
design/roadmap/467-replyrecv-fusion.md	-	21.5	48	3	0
design/roadmap/468-proving-xtask.md	-	-	58	3	0
design/roadmap/469-automating-the-vendored-engine-rebase.md	-	-	-	3	0
design/roadmap/47-navigation-and-naming.md	17315	-	119	175	122
design/roadmap/470-a-gate-on-harness-quality.md	-	-	-	3	0
design/roadmap/471-a-skip-that-returns.md	-	-	46	3	0
design/roadmap/472-a-bench-console-that-drives-power.md	-	-	45	3	0
design/roadmap/473-a-soak-leg-in-script-test.md	-	-	-	3	0
design/roadmap/474-a-general-jh7110-clock-driver.md	-	-	-	3	0
design/roadmap/475-the-accelerator-probe-on-kvm-and-whpx.md	-	-	-	3	0
design/roadmap/476-the-qemu-bounded-self-test-in-a-gate.md	-	-	-	3	0
design/roadmap/477-a-power-cycled-boot-series.md	-	21	-	3	0
design/roadmap/478-tier-three-full-posix.md	-	22	-	3	0
design/roadmap/479-a-blocking-mutation-gate-on-the-diff.md	-	-	52	10	3
design/roadmap/48-job-control.md	-	-	44	14	5
design/roadmap/480-a-server-that-logs-which-channel-a-request-arrived-on.md	-	-	-	3	0
design/roadmap/481-terminal-multiplexing.md	-	-	-	3	0
design/roadmap/482-a-buffering-stage-between-pipe-ends.md	-	-	41	3	0
design/roadmap/483-the-console-server-on-the-sink-protocol.md	-	22	-	3	0
design/roadmap/484-iana-zone-rules-and-strftime.md	-	-	-	3	0
design/roadmap/485-xattrs-in-the-redoxfs-on-disk-format.md	-	-	-	3	0
design/roadmap/486-an-indexed-typed-attribute-store.md	-	-	-	3	0
design/roadmap/487-interleaving-check-as-a-gate.md	-	-	-	3	0
design/roadmap/488-a-self-hosted-ci-runner.md	-	-	43	3	0
design/roadmap/489-the-rule-1-lint-past-the-kernel.md	-	-	-	3	0
design/roadmap/49-users-and-attribution.md	4621	25	100	35	14
design/roadmap/490-cpu-time-in-time.md	-	-	-	3	0
design/roadmap/491-a-committed-blob-that-matches-its-source.md	-	-	49	10	4
design/roadmap/492-a-const-in-a-proof-module-escapes-its-exclusion.md	-	-	55	9	1
design/roadmap/493-a-disk-file-job-mix-needs-a-disk-radon-can-drive.md	-	-	41	9	4
design/roadmap/494-a-driver-for-the-network-card-a-pc-actually-has.md	-	-	53	19	9
design/roadmap/495-a-due-cadence-reaches-nobody.md	-	-	48	9	1
design/roadmap/496-a-dying-programs-last-words-reach-nobody.md	-	-	-	11	4
design/roadmap/497-a-filesystem-server-that-knows-the-time.md	-	-	43	12	1
design/roadmap/498-a-program-that-takes-an-argument-and-an-input.md	-	-	55	9	2
design/roadmap/499-a-renumber-that-cannot-cite-the-wrong-section.md	-	-	-	10	1
design/roadmap/50-pipes-and-redirection.md	-	-	71	25	13
design/roadmap/500-a-stick-that-boots-with-secure-boot-on.md	-	-	-	7	2
design/roadmap/501-a-tls-client-that-speaks-to-one-pinned-peer.md	-	-	-	8	2
design/roadmap/502-a-witness-bit-set-has-no-mechanism.md	-	-	48	10	2
design/roadmap/503-an-event-counter-driver-for-m6-to-m8.md	-	24	-	6	0
design/roadmap/504-an-mtime-for-an-open-file.md	-	-	54	16	3
design/roadmap/505-an-x86-64-input-driver-that-never-lets-the-core-idle.md	-	-	56	5	0
design/roadmap/506-colour-the-kernel-stacks-and-take-e1-again.md	-	20.5	42	7	2
design/roadmap/507-installing-a-package-mutates-or-composes.md	-	-	56	11	10
design/roadmap/508-lint-does-not-build-the-uefi-binary.md	-	-	55	5	2
design/roadmap/509-live-patching-the-kernel.md	-	-	-	2	0
design/roadmap/51-wall-clock-time.md	-	-	55	39	18
design/roadmap/510-nothing-regenerates-the-roadmap-index.md	-	-	49	13	1
design/roadmap/511-the-boards-screen-under-uefi.md	-	-	65	12	4
design/roadmap/512-the-census-blamed-a-pull-request-that-added-four.md	-	-	81	10	5
design/roadmap/513-the-decision-index-is-still-hand-maintained.md	-	23.5	49	4	2
design/roadmap/514-the-hvf-std-listener-hangs-in-some-full-runs.md	-	-	54	4	3
design/roadmap/515-the-installer-a-stick-runs-to-put-itself-on-the-disk.md	-	-	57	21	9
design/roadmap/516-uefi-test-exits-one-after-a-passing-suite.md	-	23	52	4	0
design/roadmap/517-survivor-growth-on-the-lines-a-diff-touched.md	3902	-	60	49	29
design/roadmap/518-the-per-crate-census-nobody-wrote-down.md	-	-	67	24	6
design/roadmap/519-what-this-project-costs.md	-	-	51	28	7
design/roadmap/52-subshells.md	-	-	96	20	18
design/roadmap/520-cfi-in-hand-written-asm.md	-	22	84	22	4
design/roadmap/521-does-ai-review-catch-anything.md	-	-	59	30	16
design/roadmap/522-a-boundary-drawn-by-dependency-not-by-path.md	-	27.5	75	19	5
design/roadmap/523-the-job-mix-supervisor-in-userspace.md	3332	-	77	32	19
design/roadmap/524-the-three-x86-64-boot-gates.md	-	-	50	17	3
design/roadmap/525-a-bad-upgrade-cannot-brick-the-machine.md	-	22	55	21	8
design/roadmap/526-a-riscv64-host-that-hands-us-acpi.md	-	-	46	10	5
design/roadmap/527-the-survey-selector-and-a-threads-placement.md	-	23	56	22	11
design/roadmap/528-cheri-capabilities-are-not-these-capabilities.md	-	-	58	12	3
design/roadmap/529-does-one-nife-crate-parse-under-verus.md	-	23.5	56	6	6
design/roadmap/53-board-peripherals.md	-	-	50	17	3
design/roadmap/530-name-a-customer.md	-	-	52	17	4
design/roadmap/531-no-gate-records-when-it-fires.md	5358	-	137	59	22
design/roadmap/532-the-census-writes-its-own-row.md	-	-	56	8	0
design/roadmap/533-the-roadmap-after-the-split.md	4571	-	53	44	14
design/roadmap/534-the-soft-float-targets-could-now-be-flipped.md	-	-	67	11	9
design/roadmap/535-the-trusted-core-has-no-size.md	-	-	44	15	6
design/roadmap/536-the-unreachable-kernel-claim-is-three-weeks-stale.md	-	-	68	7	3
design/roadmap/537-what-a-trusted-component-costs.md	-	-	-	16	9
design/roadmap/538-what-else-assumes-arch-init-runs-on-every-core.md	-	23	42	6	2
design/roadmap/539-which-rva23-extensions-this-kernel-must-save.md	-	-	42	9	4
design/roadmap/54-network-file-service.md	-	-	62	33	12
design/roadmap/540-a-finding-said-out-loud-is-not-a-finding-recorded.md	-	-	54	13	9
design/roadmap/541-a-timed-window-that-excludes-preemption.md	-	23	65	25	15
design/roadmap/542-gates-that-mean-what-they-measure.md	-	-	69	39	16
design/roadmap/55-time-machine.md	5082	21	55	60	47
design/roadmap/554-a-good-upgrade-sticks.md	-	21	66	23	14
design/roadmap/555-a-program-that-asks-the-cpu-dies-without-saying-so.md	-	-	-	8	8
design/roadmap/556-a-second-risc-v-implementation-for-rent.md	-	-	47	8	3
design/roadmap/557-a-thread-reads-its-own-cpu-from-a-page.md	-	-	62	29	9
design/roadmap/558-a-coremark-score-on-three-architectures.md	-	-	-	7	2
design/roadmap/559-a-list-strangers-read-to-find-a-kernel.md	-	-	49	12	3
design/roadmap/56-secrets-and-entropy.md	-	22	68	22	30
design/roadmap/560-a-long-file-name-or-riscv64-cannot-be-installed.md	-	-	42	7	5
design/roadmap/561-a-per-cpu-allocator-is-what-the-current-cpu-page-was-for.md	-	23	45	5	3
design/roadmap/562-a-risk-entry-should-say-who-argues-it-is-real.md	-	-	-	5	3
design/roadmap/563-a-seal-check-that-reads-bytes-cannot-see-a-check-that-was-dropped.md	-	-	41	7	5
design/roadmap/564-a-userspace-program-cannot-learn-which-cpus-are-online.md	-	22	49	9	2
design/roadmap/565-a-website-for-the-project-plan.md	-	-	60	7	2
design/roadmap/566-is-this-ipc-surface-composable-for-verification.md	-	-	45	6	4
design/roadmap/567-one-rate-mechanism-or-three.md	-	-	42	6	1
design/roadmap/568-the-boot-file-has-nowhere-to-go-on-a-device-tree-machine.md	-	21	59	12	3
design/roadmap/569-the-disk-an-installer-names-has-no-model.md	-	24	51	11	4
design/roadmap/57-partitioning-and-xattrs.md	4326	-	64	45	24
design/roadmap/570-the-install-offer-should-say-what-is-already-on-the-disk.md	-	-	66	8	3
design/roadmap/571-the-x86-boot-calibrates-once-and-can-be-wrong-by-4x.md	-	24	62	19	16
design/roadmap/572-there-is-no-way-back-from-the-stick.md	-	-	45	9	3
design/roadmap/573-two-programs-share-one-disks-transfer-region.md	-	29	61	4	4
design/roadmap/574-what-a-lane-spent-on-its-milestone.md	-	-	58	10	2
design/roadmap/575-a-delegated-reviewer-found-ten-defects-nobody-was-going-to-find.md	-	-	52	9	2
design/roadmap/576-how-many-systems-and-what-do-they-run.md	-	-	51	22	10
design/roadmap/577-icount-baselines-drift-after-a-toolchain-bump.md	-	-	69	22	4
design/roadmap/578-acpi-on-aarch64.md	3127	-	83	35	8
design/roadmap/579-constitution-carry-vs-brief.md	5035	22	63	21	5
design/roadmap/58-riscv-tlb-shootdown.md	-	-	63	14	9
design/roadmap/580-nobody-reads-branches.md	3554	22	56	29	1
design/roadmap/582-decision-status-becomes-frontmatter.md	-	-	52	-	-
design/roadmap/583-citations-across-lines.md	-	-	55	12	2
design/roadmap/584-does-this-layer-earn-its-keep.md	4133	-	57	53	24
design/roadmap/585-two-core-bench-is-a-different-instrument.md	-	-	41	8	3
design/roadmap/587-ci-arch-split.md	3559	-	69	44	7
design/roadmap/588-a-merge-needs-a-review-no-fork-can-supply.md	-	-	53	11	1
design/roadmap/59-cpu-model-matrix.md	-	-	48	11	12
design/roadmap/60-isa-discovery.md	-	-	71	23	6
design/roadmap/61-caretakers.md	3023	-	58	38	25
design/roadmap/62-time-sensitive-tests.md	4338	-	77	47	26
design/roadmap/63-name-spellings.md	3344	-	48	21	15
design/roadmap/64-std-for-real-crates.md	4572	-	94	53	36
design/roadmap/65-secrets-service.md	-	-	-	20	12
design/roadmap/66-vaultwarden.md	-	-	56	12	8
design/roadmap/67-swish-language.md	-	23	54	16	5
design/roadmap/68-code-quality-gates.md	-	-	85	23	15
design/roadmap/69-split-user-rs.md	-	-	48	4	8
design/roadmap/70-swish-logic-crate.md	-	22	50	8	5
design/roadmap/71-thread-start-fault.md	-	-	53	7	7
design/roadmap/72-lost-wakeup.md	-	-	53	4	8
design/roadmap/73-aarch64-file-names.md	-	-	51	19	7
design/roadmap/74-cycle-counters.md	4164	-	78	44	34
design/roadmap/75-cycle-counter-authority.md	-	-	73	8	5
design/roadmap/76-roadmap-split.md	-	-	59	8	17
design/roadmap/77-paging-configurations.md	-	-	43	6	6
design/roadmap/78-load-sensitive-assertions.md	3087	-	72	29	10
design/roadmap/79-miri.md	-	-	49	7	0
design/roadmap/80-loom.md	-	-	50	9	1
design/roadmap/81-hvf-leg.md	-	22	53	9	1
design/roadmap/82-unsafe-op-in-unsafe-fn.md	-	23	46	3	3
design/roadmap/83-rule-1-lint.md	-	-	41	3	0
design/roadmap/84-stack-high-water.md	-	-	43	4	0
design/roadmap/85-mutation-testing.md	-	20.5	71	4	1
design/roadmap/86-time-command.md	-	25	74	6	1
design/roadmap/87-x86-machine.md	3071	-	80	46	14
design/roadmap/88-rented-silicon.md	-	21	80	6	1
design/roadmap/89-scaleway-em-rv1.md	-	-	48	4	0
design/roadmap/90-secondary-stack-guard.md	-	-	54	3	0
design/roadmap/91-acronym-glossary.md	-	-	52	21	3
design/roadmap/92-security-audit-cadence.md	-	20.5	85	14	3
design/roadmap/93-doc-audit-cadence.md	-	24	61	10	3
design/roadmap/94-untracked-work.md	-	22	61	22	9
design/roadmap/95-unmap-primitive.md	-	31.5	81	4	4
design/roadmap/96-one-init.md	-	-	43	7	1
design/roadmap/97-citations-that-name.md	-	-	53	10	2
design/roadmap/98-scheduler-naming.md	-	-	68	11	10
design/roadmap/99-git-on-nife.md	-	22.5	51	9	6
design/tenets/README.md	-	-	64	-	-
design/tenets/codebase-rules.md	-	-	54	9	2
design/tenets/documentation-standard.md	-	-	45	5	1
design/tenets/elegance-over-convenience.md	-	-	44	6	2
design/tenets/git-in-a-worktree.md	-	-	45	4	6
design/tenets/lane-count.md	-	20.5	60	12	10
design/tenets/measure-first.md	-	-	44	6	6
design/tenets/mechanisms-not-memory.md	-	-	60	10	5
design/tenets/project-history.md	-	-	49	1	2
design/tenets/reversibility.md	-	-	45	10	5
design/tenets/roles-and-the-queue.md	-	-	69	13	13
design/tenets/routing-work-and-decisions.md	-	-	84	10	9
design/tenets/shared-state.md	-	-	-	5	5
design/tenets/three-principles.md	-	-	56	13	11
design/tenets/working-with-calef.md	-	-	41	18	1
design/what-a-distribution-packages.md	-	-	-	8	11
design/why-now.md	-	-	46	16	12
notes/aarch64-board-survey.md	-	-	63	25	12
notes/aarch64.md	-	-	-	14	10
notes/abi.md	3320	-	61	21	22
notes/adding-a-program.md	3218	-	82	34	10
notes/address-space-identifiers.md	-	21	44	6	2
notes/arch-audit.md	4187	-	57	39	22
notes/architecture-list-sweep.md	6209	-	59	59	21
notes/automation-identity.md	3055	-	83	35	40
notes/bench-runbook.md	-	-	65	23	11
notes/benchmarks/read-path-block-contract-and-metadata-cache.md	-	-	41	-	-
notes/bibliography.md	-	-	-	4	1
notes/block-devices.md	-	-	65	13	12
notes/blocked-thread-teardown.md	8049	-	50	81	31
notes/board-console.md	6749	-	70	50	22
notes/boot-ladder.md	-	-	74	9	7
notes/boot-protocol.md	-	-	42	6	7
notes/boot-slots.md	-	22.5	56	11	13
notes/boot-stick.md	3052	-	52	20	9
notes/c-seam.md	3252	-	43	30	22
notes/calendar.md	-	-	76	15	6
notes/capabilities.md	3644	-	56	23	56
notes/capability-lifecycle.md	-	-	64	8	19
notes/cfi-unwind.md	3398	25	59	17	21
notes/check-inventory.md	4066	-	81	23	12
notes/ci-log-baseline.md	-	30	86	19	9
notes/citations.md	6258	-	69	52	28
notes/clock.md	-	21	50	10	14
notes/collections.md	-	-	-	15	16
notes/component-manifest.md	-	-	70	30	15
notes/compositor.md	4372	-	65	33	28
notes/confinement-claims.md	9058	-	73	61	38
notes/corrections.md	-	-	54	6	0
notes/corrections/2026-09-23-the-sweep-that-swept-nothing.md	3155	-	61	27	6
notes/counted-claims.md	3674	-	53	37	18
notes/cpu-models.md	-	-	58	22	14
notes/crates-io-on-nife.md	6820	-	55	56	33
notes/credentials.md	3758	-	55	33	27
notes/cryptography-provider.md	4532	-	50	44	29
notes/date.md	-	-	57	13	8
notes/deadlock.md	-	-	-	15	12
notes/delegation.md	-	-	-	7	2
notes/dependency-census.md	-	-	-	9	7
notes/dependency-orchestration.md	-	-	90	9	4
notes/device-tree.md	-	-	45	10	5
notes/dir-capability.md	4759	-	64	28	29
notes/dma.md	4525	-	66	18	17
notes/doc-coverage.md	-	-	64	11	5
notes/documentation-audit.md	-	-	73	29	16
notes/documentation.md	5264	-	60	37	25
notes/effort-levels.md	-	-	50	13	1
notes/elf.md	3085	-	62	29	36
notes/empty-selectors.md	-	-	-	6	0
notes/entropy.md	-	21	68	18	10
notes/env-config.md	-	25	64	10	2
notes/exceptions.md	-	-	54	20	24
notes/falsification.md	7205	-	53	57	35
notes/follow-on-work.md	3264	-	60	42	18
notes/footprint-perturbation.md	8126	-	72	74	27
notes/framebuffer-contract.md	4562	-	71	29	38
notes/frames.md	7817	21	82	53	34
notes/fs-server.md	10358	21	85	78	54
notes/fuzzing.md	4249	-	56	50	14
notes/generational-names.md	-	-	41	7	0
notes/glob-grant.md	5161	-	116	35	38
notes/glob.md	3290	-	44	22	17
notes/globally-unique-identifier-partition-table.md	3194	-	63	16	20
notes/glyphs.md	8390	-	87	81	43
notes/grant-expression.md	5698	-	65	27	35
notes/harts-and-pes.md	-	-	53	2	4
notes/heap.md	-	-	49	13	19
notes/higher-half.md	-	-	-	3	12
notes/host-recovery.md	3871	-	59	33	17
notes/how-this-is-built.md	-	-	65	16	12
notes/hung-component.md	4635	-	72	51	29
notes/hvf-leg.md	3584	23	81	21	12
notes/incremental-path.md	3541	-	54	27	25
notes/installing.md	-	22	50	10	7
notes/instruction-clock.md	4079	-	68	23	20
notes/interleaving.md	5642	-	79	31	14
notes/interrupts.md	6297	-	68	42	47
notes/intrusive-queues.md	-	-	54	6	4
notes/iommu.md	-	-	56	5	3
notes/ipc-naming.md	-	-	64	12	18
notes/ipc-tables-lock-inventory.md	-	-	62	3	4
notes/isa-discovery.md	3450	-	47	22	17
notes/jh7110-clock-and-reset.md	-	-	58	16	13
notes/job-mix.md	5500	-	66	46	31
notes/kernel-budget.md	-	-	53	1	4
notes/kernel-proofs.md	3577	-	69	36	17
notes/l4-lessons.md	-	-	52	7	10
notes/line-discipline.md	-	21.5	68	2	5
notes/linker-scripts.md	-	-	41	1	10
notes/live-replacement.md	-	-	64	18	21
notes/llvm.md	-	-	-	7	7
notes/locking.md	-	-	-	10	18
notes/login.md	-	23	57	1	3
notes/main-is-red.md	-	-	55	19	3
notes/mascot.md	-	-	56	3	8
notes/mdns.md	3583	-	137	44	24
notes/memory-ordering.md	3711	-	58	31	8
notes/memory-regions.md	-	-	43	1	8
notes/merge-queue.md	9987	-	67	106	37
notes/mmu.md	-	-	-	4	13
notes/model-attribution-review.md	5067	-	90	44	11
notes/model-comparison/protocol.md	-	-	64	11	5
notes/multicore-defect-curve.md	-	-	69	12	5
notes/mutation-census.md	-	-	48	17	5
notes/net.md	11327	-	67	87	82
notes/nifefs.md	-	-	52	11	6
notes/no-std.md	-	-	-	5	5
notes/non-volatile-memory-express.md	-	22	101	25	15
notes/ntlm.md	-	-	47	28	20
notes/ntp.md	4702	-	87	33	25
notes/object-revocation.md	3181	-	59	13	17
notes/open-model-lanes.md	-	-	44	20	16
notes/packages.md	-	-	59	19	6
notes/page-tables.md	-	-	-	6	21
notes/pcie-transport-scope.md	-	-	57	15	9
notes/pcie.md	-	24	57	10	13
notes/physical-memory.md	-	-	-	9	11
notes/pipes.md	12846	-	74	82	85
notes/pmu.md	-	-	43	6	11
notes/portability.md	-	-	49	23	16
notes/prior-art.md	-	-	54	17	6
notes/process-view.md	7541	21	61	61	44
notes/progenitor-and-loading.md	3461	-	55	11	24
notes/program-manifest.md	-	20.5	56	6	9
notes/project-metrics.md	-	-	53	30	12
notes/project-metrics/ledger.md	-	-	54	15	6
notes/proof-retrospective.md	5945	-	53	41	29
notes/qemu.md	-	-	71	12	18
notes/quotas.md	-	-	43	1	8
notes/reading-assembly.md	-	-	-	10	4
notes/redleaf.md	5973	-	49	60	43
notes/redoxfs-audit.md	-	-	43	5	5
notes/registers.md	-	-	-	8	7
notes/rented-metal.md	6330	-	53	74	48
notes/repo-hardening.md	-	-	63	22	14
notes/ripgrep-on-nife.md	-	-	48	21	17
notes/riscv-arch-tests.md	3232	-	55	18	9
notes/riscv-cycle-counters.md	-	-	50	21	14
notes/riscv-parity-scope.md	6389	-	93	48	39
notes/riscv-port.md	4797	-	68	45	41
notes/riscv-summit-2026.md	-	-	55	32	21
notes/riscv-tlb-shootdown.md	-	-	57	14	8
notes/rm.md	-	-	46	10	13
notes/roadmap.md	5595	-	99	52	27
notes/rule-violations.md	-	-	67	11	5
notes/scheduled-execution.md	3758	-	65	22	19
notes/scheduler.md	6567	-	84	43	38
notes/scripts.md	11748	21	73	-	-
notes/security.md	-	-	53	18	8
notes/semihosting.md	-	-	49	9	8
notes/serial-less-output.md	4352	-	67	44	16
notes/session-handoff.md	-	-	71	18	14
notes/shared-page-audit.md	6457	-	63	77	30
notes/shell-navigation.md	-	-	72	22	21
notes/shell.md	-	-	47	11	6
notes/sink-protocol.md	3190	-	61	22	21
notes/smb.md	10296	-	79	115	56
notes/soak.md	13091	-	82	138	68
notes/stack-high-water.md	6220	21	71	44	33
notes/stack.md	11036	-	76	88	79
notes/std.md	12049	22	98	114	53
notes/supervision.md	-	-	58	20	14
notes/swish-language.md	3147	-	49	21	19
notes/tail-output-narrowing.md	-	-	74	27	6
notes/target-hardware.md	3032	-	58	33	27
notes/tcb.md	-	21	52	3	1
notes/teardown.md	-	-	-	7	3
notes/terminal-contract.md	-	-	77	20	11
notes/thread-spawn-fork.md	-	23	78	14	8
notes/threads.md	-	-	50	10	21
notes/time-command.md	-	-	50	13	15
notes/timed-wait.md	3838	-	59	36	19
notes/timer-capability.md	5646	-	68	68	28
notes/touch.md	-	26	81	7	5
notes/trusted-base.md	3038	-	55	33	15
notes/trusted-init.md	6079	-	64	53	29
notes/tsc-under-tcg.md	-	-	71	31	18
notes/uart.md	-	-	-	14	9
notes/undefined-behavior.md	-	-	61	9	8
notes/unsafe-obligations.md	10268	-	201	51	61
notes/untracked-work-sweep.md	-	21.5	48	8	6
notes/untrusted-input-audit.md	-	-	57	31	8
notes/user-proofs.md	3261	-	69	30	17
notes/userspace-drivers.md	-	-	-	3	15
notes/userspace.md	-	-	-	14	42
notes/verification.md	9927	-	73	49	34
notes/verus.md	5479	-	72	46	32
notes/virtio.md	-	-	41	12	12
notes/virtualization.md	-	-	52	1	10
notes/visionfive2.md	12818	23	122	92	55
notes/what-a-session-carries.md	-	-	43	11	11
notes/why-not-general-purpose.md	-	-	-	18	3
notes/x86-port.md	14147	22	102	86	90
notes/x86-tlb-shootdown.md	-	-	92	9	8
notes/x86-uefi-boot.md	8075	-	70	86	61
notes/xattr.md	3164	-	56	13	26
notes/xenon-firmware.md	3767	-	53	93	91
