# One row per task handed to a rented model. Append only; never rewrite a verdict.
#
# verdict is the reviewer's, not a gate's, and that is the point: every row below passed its gates.
#   clean     the work was correct and needed nothing further
#   defect    a reader would object, but it was accepted or fixed in place, not redone
#   redo      it had to be done again, by hand or by another lane
#
# date	model	cost_usd	rounds	task	verdict	what a gate could not see
2026-09-22	kimi-k3	0.3932	1	renumber two colliding milestones	defect	replaced "(Number provisional until the merge queue lands it.)" with its own note; that sentence is load-bearing and its loss is invisible to every gate
2026-09-22	kimi-k3-pinned	0.2580	1	the same task, cached	defect	same replacement as above
2026-09-22	qwen3-coder	0.0479	1	the same task again	clean	kept the provisional sentence and appended rather than replaced; better editorial judgement than the dearer model
2026-09-22	qwen3-coder	0.9768	1	the install offer says what is on the disk, a real implementation	redo	"(unpartitioned or unreadable)" conflates a disk that is safe to wipe with one we could not read, on a prompt whose whole purpose is informed consent; also skipped the tests the brief required
2026-09-22	qwen3-coder	0.0552	1	rebase a branch onto main	clean	took main's baselines rather than hand-merging, which is the trap that nearly shipped a wrong floor twice
